"","fips","TractID","geography","county","state","total_population_2020","percent_food_insecure_2020","number_food_insecure_2020","unemployment_rate","percent_poor","percent_black","percent_hispanic","median_income","percent_homeowners","percent_disabled"
"1",51059,51059415100,"Census Tract 4151, Fairfax County, Virginia","Fairfax County, Virginia","VA",3600,0.036,130,0.059,0.032,0.054,0.136,148261,0.931,0.093
"2",51059,51059415200,"Census Tract 4152, Fairfax County, Virginia","Fairfax County, Virginia","VA",2982,0.053,160,0.035,0.023,0.066,0.075,94347,0.616,0.1
"3",51059,51059415300,"Census Tract 4153, Fairfax County, Virginia","Fairfax County, Virginia","VA",3976,0.063,250,0.062,0.038,0.177,0.312,79500,0.715,0.187
"4",51059,51059415401,"Census Tract 4154.01, Fairfax County, Virginia","Fairfax County, Virginia","VA",6105,0.106,640,0.058,0.174,0.139,0.485,49333,0.257,0.023
"5",51059,51059415402,"Census Tract 4154.02, Fairfax County, Virginia","Fairfax County, Virginia","VA",2824,0.024,70,0.017,0.069,0.146,0.169,147419,0.892,0.091
"6",51059,51059415500,"Census Tract 4155, Fairfax County, Virginia","Fairfax County, Virginia","VA",6552,0.078,510,0.059,0.14,0.221,0.088,162105,0.757,0.095
"7",51059,51059415600,"Census Tract 4156, Fairfax County, Virginia","Fairfax County, Virginia","VA",2692,0.008,20,0.019,0.014,0.009,0.05,244028,0.988,0.108
"8",51059,51059415700,"Census Tract 4157, Fairfax County, Virginia","Fairfax County, Virginia","VA",3835,0.006,20,0.021,0.007,0.02,0.033,187670,0.915,0.05
"9",51059,51059415800,"Census Tract 4158, Fairfax County, Virginia","Fairfax County, Virginia","VA",4890,0.025,120,0.039,0.018,0.034,0.076,164219,0.889,0.079
"10",51059,51059415900,"Census Tract 4159, Fairfax County, Virginia","Fairfax County, Virginia","VA",3415,0.025,80,0.024,0.078,0.122,0.083,173828,0.941,0.06
"11",51059,51059416000,"Census Tract 4160, Fairfax County, Virginia","Fairfax County, Virginia","VA",6257,0.071,450,0.05,0.115,0.272,0.271,89414,0.599,0.099
"12",51059,51059416100,"Census Tract 4161, Fairfax County, Virginia","Fairfax County, Virginia","VA",3818,0.052,200,0.024,0.089,0.032,0.065,155833,0.925,0.138
"13",51059,51059416200,"Census Tract 4162, Fairfax County, Virginia","Fairfax County, Virginia","VA",5046,0.125,630,0.103,0.072,0.307,0.103,85475,0.011,0.068
"14",51059,51059416300,"Census Tract 4163, Fairfax County, Virginia","Fairfax County, Virginia","VA",1938,0.028,50,0.026,0.063,0.066,0.119,143984,0.924,0.072
"15",51059,51059420100,"Census Tract 4201, Fairfax County, Virginia","Fairfax County, Virginia","VA",4656,0.046,220,0.053,0.056,0.113,0.221,131125,0.862,0.125
"16",51059,51059420201,"Census Tract 4202.01, Fairfax County, Virginia","Fairfax County, Virginia","VA",4080,0.032,130,0.064,0.036,0.189,0.121,154395,0.942,0.092
"17",51059,51059420202,"Census Tract 4202.02, Fairfax County, Virginia","Fairfax County, Virginia","VA",2164,0.035,80,0.038,0.014,0.289,0.123,116006,0.385,0.017
"18",51059,51059420203,"Census Tract 4202.03, Fairfax County, Virginia","Fairfax County, Virginia","VA",2917,0.018,50,0.031,0.016,0.137,0.062,174886,0.913,0.11
"19",51059,51059420300,"Census Tract 4203, Fairfax County, Virginia","Fairfax County, Virginia","VA",6118,0.026,160,0.043,0.046,0.077,0.25,148417,0.873,0.068
"20",51059,51059420400,"Census Tract 4204, Fairfax County, Virginia","Fairfax County, Virginia","VA",3264,0.06,200,0.012,0.041,0.176,0.061,86136,0.258,0.055
"21",51059,51059420501,"Census Tract 4205.01, Fairfax County, Virginia","Fairfax County, Virginia","VA",961,0.042,40,0.002,0.031,0.161,0.01,71654,0.64,0.123
"22",51059,51059420502,"Census Tract 4205.02, Fairfax County, Virginia","Fairfax County, Virginia","VA",2682,0.06,160,0.051,0.036,0.125,0.248,101316,0.457,0.083
"23",51059,51059420503,"Census Tract 4205.03, Fairfax County, Virginia","Fairfax County, Virginia","VA",3434,0.1,350,0.104,0.073,0.273,0.15,91047,0.328,0.056
"24",51059,51059420600,"Census Tract 4206, Fairfax County, Virginia","Fairfax County, Virginia","VA",4951,0.046,230,0.014,0.086,0.252,0.221,90750,0.537,0.065
"25",51059,51059420700,"Census Tract 4207, Fairfax County, Virginia","Fairfax County, Virginia","VA",4955,0.025,130,0.044,0.031,0.146,0.182,147419,0.864,0.09
"26",51059,51059420800,"Census Tract 4208, Fairfax County, Virginia","Fairfax County, Virginia","VA",3800,0.002,10,0.029,0.008,0.089,0.307,141451,0.973,0.104
"27",51059,51059421001,"Census Tract 4210.01, Fairfax County, Virginia","Fairfax County, Virginia","VA",2908,0.024,70,0.026,0.027,0.178,0.176,115268,0.686,0.058
"28",51059,51059421002,"Census Tract 4210.02, Fairfax County, Virginia","Fairfax County, Virginia","VA",5572,0.049,270,0.04,0.039,0.27,0.18,106957,0.483,0.081
"29",51059,51059421101,"Census Tract 4211.01, Fairfax County, Virginia","Fairfax County, Virginia","VA",6242,0.009,60,0.032,0.021,0.311,0.113,116917,0.838,0.058
"30",51059,51059421102,"Census Tract 4211.02, Fairfax County, Virginia","Fairfax County, Virginia","VA",3717,0.071,260,0.046,0.044,0.214,0.091,111111,0.501,0.142
"31",51059,51059421103,"Census Tract 4211.03, Fairfax County, Virginia","Fairfax County, Virginia","VA",6166,0.007,40,0.023,0.027,0.187,0.199,129931,0.902,0.074
"32",51059,51059421200,"Census Tract 4212, Fairfax County, Virginia","Fairfax County, Virginia","VA",2145,0.006,10,0.015,0.006,0.044,0.029,161250,0.889,0.051
"33",51059,51059421300,"Census Tract 4213, Fairfax County, Virginia","Fairfax County, Virginia","VA",3903,0.031,120,0.083,0.026,0.208,0.176,131307,0.969,0.077
"34",51059,51059421400,"Census Tract 4214, Fairfax County, Virginia","Fairfax County, Virginia","VA",6837,0.076,520,0.016,0.132,0.263,0.429,79564,0.213,0.069
"35",51059,51059421500,"Census Tract 4215, Fairfax County, Virginia","Fairfax County, Virginia","VA",7923,0.121,960,0.128,0.158,0.304,0.398,51528,0.536,0.086
"36",51059,51059421600,"Census Tract 4216, Fairfax County, Virginia","Fairfax County, Virginia","VA",6555,0.076,500,0.034,0.18,0.341,0.419,50787,0.642,0.106
"37",51059,51059421701,"Census Tract 4217.01, Fairfax County, Virginia","Fairfax County, Virginia","VA",4991,0.089,440,0.08,0.146,0.342,0.548,66165,0.378,0.059
"38",51059,51059421702,"Census Tract 4217.02, Fairfax County, Virginia","Fairfax County, Virginia","VA",4705,0,0,0.042,0.012,0.426,0.279,104789,0.897,0.066
"39",51059,51059421800,"Census Tract 4218, Fairfax County, Virginia","Fairfax County, Virginia","VA",6369,0.075,480,0.068,0.114,0.455,0.288,73168,0.545,0.104
"40",51059,51059421900,"Census Tract 4219, Fairfax County, Virginia","Fairfax County, Virginia","VA",2996,NA,NA,0.049,0.073,0.208,0.131,67368,0.023,0.07
"41",51059,51059422000,"Census Tract 4220, Fairfax County, Virginia","Fairfax County, Virginia","VA",3996,0.102,410,0.088,0.119,0.314,0.124,132692,0.64,0.164
"42",51059,51059422101,"Census Tract 4221.01, Fairfax County, Virginia","Fairfax County, Virginia","VA",7640,0.05,380,0.029,0.077,0.312,0.261,93750,0.478,0.074
"43",51059,51059422102,"Census Tract 4221.02, Fairfax County, Virginia","Fairfax County, Virginia","VA",6559,0.024,160,0.059,0.026,0.437,0.175,109645,0.703,0.056
"44",51059,51059422201,"Census Tract 4222.01, Fairfax County, Virginia","Fairfax County, Virginia","VA",3681,0.02,80,0.042,0.001,0.093,0.084,128021,0.845,0.063
"45",51059,51059422202,"Census Tract 4222.02, Fairfax County, Virginia","Fairfax County, Virginia","VA",7553,0.06,460,0.064,0.07,0.316,0.06,98578,0.643,0.061
"46",51059,51059422301,"Census Tract 4223.01, Fairfax County, Virginia","Fairfax County, Virginia","VA",3041,0.052,160,0.029,0.075,0.26,0.106,103571,0.538,0.057
"47",51059,51059422302,"Census Tract 4223.02, Fairfax County, Virginia","Fairfax County, Virginia","VA",6357,0.037,240,0.038,0.044,0.277,0.096,85259,0.721,0.075
"48",51059,51059422401,"Census Tract 4224.01, Fairfax County, Virginia","Fairfax County, Virginia","VA",2722,0.047,130,0.008,0.026,0.181,0.182,108309,0.435,0.135
"49",51059,51059422402,"Census Tract 4224.02, Fairfax County, Virginia","Fairfax County, Virginia","VA",5132,0.026,130,0.04,0.008,0.239,0.101,133324,0.702,0.08
"50",51059,51059422403,"Census Tract 4224.03, Fairfax County, Virginia","Fairfax County, Virginia","VA",3106,0.014,40,0.047,0.016,0.118,0.096,185500,0.926,0.061
"51",51059,51059430101,"Census Tract 4301.01, Fairfax County, Virginia","Fairfax County, Virginia","VA",4948,0.016,80,0.041,0.025,0.018,0.08,185380,0.971,0.051
"52",51059,51059430102,"Census Tract 4301.02, Fairfax County, Virginia","Fairfax County, Virginia","VA",2952,0.028,80,0.033,0.003,0.103,0.104,113000,0.787,0.102
"53",51059,51059430201,"Census Tract 4302.01, Fairfax County, Virginia","Fairfax County, Virginia","VA",4480,0.039,180,0.068,0.015,0.027,0.123,142846,0.884,0.083
"54",51059,51059430202,"Census Tract 4302.02, Fairfax County, Virginia","Fairfax County, Virginia","VA",5459,0.05,270,0.051,0.06,0.071,0.084,132262,0.77,0.054
"55",51059,51059430203,"Census Tract 4302.03, Fairfax County, Virginia","Fairfax County, Virginia","VA",2871,0.056,160,0.061,0.096,0.111,0.07,151250,0.898,0.062
"56",51059,51059430400,"Census Tract 4304, Fairfax County, Virginia","Fairfax County, Virginia","VA",7397,0.019,140,0.034,0.027,0.102,0.14,145102,0.885,0.072
"57",51059,51059430500,"Census Tract 4305, Fairfax County, Virginia","Fairfax County, Virginia","VA",1635,0.018,30,0.016,0.016,0.117,0.048,132188,0.919,0.116
"58",51059,51059430600,"Census Tract 4306, Fairfax County, Virginia","Fairfax County, Virginia","VA",7837,0.054,420,0.065,0.082,0.088,0.445,90551,0.728,0.07
"59",51059,51059430700,"Census Tract 4307, Fairfax County, Virginia","Fairfax County, Virginia","VA",2733,0.068,190,0.071,0.09,0.066,0.204,120341,0.892,0.118
"60",51059,51059430801,"Census Tract 4308.01, Fairfax County, Virginia","Fairfax County, Virginia","VA",4587,0.029,140,0.011,0.012,0.067,0.131,124000,0.803,0.159
"61",51059,51059430802,"Census Tract 4308.02, Fairfax County, Virginia","Fairfax County, Virginia","VA",4385,0.023,100,0.008,0.073,0.186,0.351,96750,0.704,0.066
"62",51059,51059430901,"Census Tract 4309.01, Fairfax County, Virginia","Fairfax County, Virginia","VA",4426,0.021,90,0.021,0.036,0.148,0.161,122357,0.756,0.055
"63",51059,51059430902,"Census Tract 4309.02, Fairfax County, Virginia","Fairfax County, Virginia","VA",3518,0.023,80,0.044,0.026,0.109,0.179,130729,0.826,0.051
"64",51059,51059431001,"Census Tract 4310.01, Fairfax County, Virginia","Fairfax County, Virginia","VA",6048,0.038,230,0.084,0.019,0.131,0.246,104466,0.808,0.043
"65",51059,51059431002,"Census Tract 4310.02, Fairfax County, Virginia","Fairfax County, Virginia","VA",2208,0.035,80,0.045,0.036,0.179,0.272,99327,0.724,0.089
"66",51059,51059431300,"Census Tract 4313, Fairfax County, Virginia","Fairfax County, Virginia","VA",4718,0.016,70,0.046,0.014,0.095,0.216,160859,0.908,0.082
"67",51059,51059431400,"Census Tract 4314, Fairfax County, Virginia","Fairfax County, Virginia","VA",4707,0.024,110,0.032,0.049,0.147,0.154,145893,0.884,0.077
"68",51059,51059431500,"Census Tract 4315, Fairfax County, Virginia","Fairfax County, Virginia","VA",5670,0.011,60,0.03,0.015,0.154,0.119,143922,0.842,0.051
"69",51059,51059431601,"Census Tract 4316.01, Fairfax County, Virginia","Fairfax County, Virginia","VA",2009,NA,NA,0.059,0.026,0.012,0.017,63198,0.205,0.601
"70",51059,51059431602,"Census Tract 4316.02, Fairfax County, Virginia","Fairfax County, Virginia","VA",6778,0.075,510,0.03,0.108,0.076,0.117,95417,0.686,0.115
"71",51059,51059431801,"Census Tract 4318.01, Fairfax County, Virginia","Fairfax County, Virginia","VA",4141,0.029,120,0.052,0.025,0.076,0.206,122721,0.8,0.048
"72",51059,51059431802,"Census Tract 4318.02, Fairfax County, Virginia","Fairfax County, Virginia","VA",3370,0.035,120,0.07,0.016,0.053,0.206,157440,0.861,0.086
"73",51059,51059431900,"Census Tract 4319, Fairfax County, Virginia","Fairfax County, Virginia","VA",3205,0.02,60,0.041,0.014,0.044,0.047,173636,0.974,0.086
"74",51059,51059432000,"Census Tract 4320, Fairfax County, Virginia","Fairfax County, Virginia","VA",3664,0.055,200,0.083,0.042,0.096,0.144,141490,0.825,0.082
"75",51059,51059432100,"Census Tract 4321, Fairfax County, Virginia","Fairfax County, Virginia","VA",3791,0.05,190,0.057,0.034,0.082,0.075,117941,0.795,0.091
"76",51059,51059432201,"Census Tract 4322.01, Fairfax County, Virginia","Fairfax County, Virginia","VA",2591,0.044,120,0.033,0.044,0.159,0.157,94764,0.546,0.046
"77",51059,51059432202,"Census Tract 4322.02, Fairfax County, Virginia","Fairfax County, Virginia","VA",4689,0.042,200,0.069,0.02,0.054,0.127,142557,0.845,0.079
"78",51059,51059432300,"Census Tract 4323, Fairfax County, Virginia","Fairfax County, Virginia","VA",5231,0.031,160,0.042,0.015,0.068,0.078,169663,0.859,0.109
"79",51059,51059432401,"Census Tract 4324.01, Fairfax County, Virginia","Fairfax County, Virginia","VA",3057,0.019,60,0.035,0.011,0.061,0.053,183566,0.931,0.099
"80",51059,51059432402,"Census Tract 4324.02, Fairfax County, Virginia","Fairfax County, Virginia","VA",5232,0.024,130,0.061,0.009,0.062,0.077,157955,0.908,0.047
"81",51059,51059432500,"Census Tract 4325, Fairfax County, Virginia","Fairfax County, Virginia","VA",6019,0.047,280,0.091,0.016,0.087,0.11,157426,0.933,0.103
"82",51059,51059432600,"Census Tract 4326, Fairfax County, Virginia","Fairfax County, Virginia","VA",4947,0,0,0.035,0.003,0.148,0.107,171042,0.927,0.043
"83",51059,51059432701,"Census Tract 4327.01, Fairfax County, Virginia","Fairfax County, Virginia","VA",3087,0.01,30,0.026,0.011,0.107,0.074,168320,0.89,0.071
"84",51059,51059432702,"Census Tract 4327.02, Fairfax County, Virginia","Fairfax County, Virginia","VA",4292,0.007,30,0.04,0.017,0.193,0.286,115000,0.852,0.049
"85",51059,51059432800,"Census Tract 4328, Fairfax County, Virginia","Fairfax County, Virginia","VA",2129,0.027,60,0.05,0.028,0.2,0.079,144375,0.807,0.053
"86",51059,51059440100,"Census Tract 4401, Fairfax County, Virginia","Fairfax County, Virginia","VA",7784,0.026,200,0.03,0.017,0.029,0.078,193239,0.736,0.066
"87",51059,51059440201,"Census Tract 4402.01, Fairfax County, Virginia","Fairfax County, Virginia","VA",3351,NA,NA,0.014,0.049,0.143,0.081,132155,0.243,0.045
"88",51059,51059440202,"Census Tract 4402.02, Fairfax County, Virginia","Fairfax County, Virginia","VA",7326,0.13,950,0.059,0.215,0.109,0.112,90859,0.426,0.048
"89",51059,51059440300,"Census Tract 4403, Fairfax County, Virginia","Fairfax County, Virginia","VA",2755,0.019,50,0.039,0.029,0.028,0.114,207125,0.954,0.082
"90",51059,51059440501,"Census Tract 4405.01, Fairfax County, Virginia","Fairfax County, Virginia","VA",4706,0.018,80,0.031,0.026,0.037,0.162,173548,0.887,0.075
"91",51059,51059440503,"Census Tract 4405.03, Fairfax County, Virginia","Fairfax County, Virginia","VA",5458,NA,NA,0.214,0.115,0.405,0.078,80000,0.248,0.083
"92",51059,51059440504,"Census Tract 4405.04, Fairfax County, Virginia","Fairfax County, Virginia","VA",1012,NA,NA,0.059,0.133,0.39,0.221,70296,0.647,0.134
"93",51059,51059440505,"Census Tract 4405.05, Fairfax County, Virginia","Fairfax County, Virginia","VA",1254,0.029,40,0.063,0.012,0.084,0.015,143182,0.938,0.054
"94",51059,51059440600,"Census Tract 4406, Fairfax County, Virginia","Fairfax County, Virginia","VA",3236,0.024,80,0.046,0.046,0.115,0.244,124164,0.948,0.076
"95",51059,51059440701,"Census Tract 4407.01, Fairfax County, Virginia","Fairfax County, Virginia","VA",2859,0.028,80,0.026,0.035,0.036,0.045,159596,0.909,0.095
"96",51059,51059440702,"Census Tract 4407.02, Fairfax County, Virginia","Fairfax County, Virginia","VA",5620,0.016,90,0.04,0.011,0.09,0.066,161599,0.931,0.067
"97",51059,51059440800,"Census Tract 4408, Fairfax County, Virginia","Fairfax County, Virginia","VA",6134,0.04,250,0.058,0.039,0.036,0.063,177835,0.838,0.058
"98",51059,51059450100,"Census Tract 4501, Fairfax County, Virginia","Fairfax County, Virginia","VA",7223,0.053,380,0.041,0.092,0.034,0.466,93209,0.556,0.036
"99",51059,51059450200,"Census Tract 4502, Fairfax County, Virginia","Fairfax County, Virginia","VA",4486,0.064,290,0.073,0.084,0.082,0.399,104625,0.614,0.047
"100",51059,51059450300,"Census Tract 4503, Fairfax County, Virginia","Fairfax County, Virginia","VA",5322,0.068,360,0.094,0.03,0.066,0.322,116232,0.596,0.088
"101",51059,51059450400,"Census Tract 4504, Fairfax County, Virginia","Fairfax County, Virginia","VA",2645,0.042,110,0.053,0.041,0.028,0.143,165167,0.886,0.106
"102",51059,51059450500,"Census Tract 4505, Fairfax County, Virginia","Fairfax County, Virginia","VA",2920,0.02,60,0.036,0.019,0.044,0.363,109135,0.93,0.129
"103",51059,51059450601,"Census Tract 4506.01, Fairfax County, Virginia","Fairfax County, Virginia","VA",4306,0.022,90,0.037,0.023,0.076,0.166,152037,0.84,0.071
"104",51059,51059450602,"Census Tract 4506.02, Fairfax County, Virginia","Fairfax County, Virginia","VA",4451,0.066,290,0.029,0.093,0.07,0.323,85699,0.489,0.073
"105",51059,51059450701,"Census Tract 4507.01, Fairfax County, Virginia","Fairfax County, Virginia","VA",2926,0.003,10,0.024,0.013,0.065,0.217,163125,0.881,0.056
"106",51059,51059450702,"Census Tract 4507.02, Fairfax County, Virginia","Fairfax County, Virginia","VA",4864,0.063,310,0.027,0.098,0.082,0.557,77731,0.254,0.034
"107",51059,51059450800,"Census Tract 4508, Fairfax County, Virginia","Fairfax County, Virginia","VA",3523,0.032,110,0.015,0.056,0.018,0.332,113508,0.866,0.144
"108",51059,51059450900,"Census Tract 4509, Fairfax County, Virginia","Fairfax County, Virginia","VA",1693,0.025,40,0.024,0.038,0.027,0.126,146000,0.917,0.096
"109",51059,51059451000,"Census Tract 4510, Fairfax County, Virginia","Fairfax County, Virginia","VA",3127,0.052,160,0.059,0.056,0.077,0.135,135188,0.945,0.137
"110",51059,51059451100,"Census Tract 4511, Fairfax County, Virginia","Fairfax County, Virginia","VA",2617,0.017,40,0.046,0.005,0.109,0.226,171458,0.819,0.084
"111",51059,51059451200,"Census Tract 4512, Fairfax County, Virginia","Fairfax County, Virginia","VA",1763,0,0,0.01,0.008,0.075,0.074,186979,0.932,0.048
"112",51059,51059451300,"Census Tract 4513, Fairfax County, Virginia","Fairfax County, Virginia","VA",2516,0.037,90,0.048,0.046,0.029,0.09,155903,0.899,0.072
"113",51059,51059451400,"Census Tract 4514, Fairfax County, Virginia","Fairfax County, Virginia","VA",3734,0.129,480,0.066,0.166,0.047,0.576,42907,0.133,0.09
"114",51059,51059451501,"Census Tract 4515.01, Fairfax County, Virginia","Fairfax County, Virginia","VA",5307,0.13,690,0.044,0.21,0.095,0.223,77672,0.496,0.144
"115",51059,51059451502,"Census Tract 4515.02, Fairfax County, Virginia","Fairfax County, Virginia","VA",5090,0.114,580,0.117,0.048,0.167,0.219,89743,0.294,0.113
"116",51059,51059451601,"Census Tract 4516.01, Fairfax County, Virginia","Fairfax County, Virginia","VA",6063,0.152,920,0.023,0.373,0.047,0.83,51578,0.103,0.009
"117",51059,51059451602,"Census Tract 4516.02, Fairfax County, Virginia","Fairfax County, Virginia","VA",2777,0.073,200,0.059,0.047,0.093,0.235,69593,0.536,0.109
"118",51059,51059451800,"Census Tract 4518, Fairfax County, Virginia","Fairfax County, Virginia","VA",3854,0.032,120,0.044,0.041,0.057,0.388,120179,0.81,0.105
"119",51059,51059451900,"Census Tract 4519, Fairfax County, Virginia","Fairfax County, Virginia","VA",4665,0.066,310,0.041,0.069,0.248,0.136,81571,0.539,0.108
"120",51059,51059452000,"Census Tract 4520, Fairfax County, Virginia","Fairfax County, Virginia","VA",3018,0.042,130,0.011,0.059,0.109,0.152,140801,0.742,0.146
"121",51059,51059452101,"Census Tract 4521.01, Fairfax County, Virginia","Fairfax County, Virginia","VA",5242,0.07,360,0.057,0.127,0.14,0.285,106400,0.776,0.089
"122",51059,51059452102,"Census Tract 4521.02, Fairfax County, Virginia","Fairfax County, Virginia","VA",3297,0.05,170,0.057,0.041,0.2,0.121,112083,0.753,0.109
"123",51059,51059452200,"Census Tract 4522, Fairfax County, Virginia","Fairfax County, Virginia","VA",5924,0.078,460,0.063,0.084,0.142,0.21,88842,0.538,0.079
"124",51059,51059452301,"Census Tract 4523.01, Fairfax County, Virginia","Fairfax County, Virginia","VA",3602,0.155,560,0.022,0.31,0.173,0.328,43357,0.457,0.172
"125",51059,51059452302,"Census Tract 4523.02, Fairfax County, Virginia","Fairfax County, Virginia","VA",4933,0.071,350,0.055,0.106,0.082,0.553,69375,0.422,0.043
"126",51059,51059452400,"Census Tract 4524, Fairfax County, Virginia","Fairfax County, Virginia","VA",7467,0.041,300,0.04,0.068,0.032,0.24,113651,0.757,0.039
"127",51059,51059452501,"Census Tract 4525.01, Fairfax County, Virginia","Fairfax County, Virginia","VA",3779,0.01,40,0.031,0.004,0.087,0.123,128542,0.898,0.06
"128",51059,51059452502,"Census Tract 4525.02, Fairfax County, Virginia","Fairfax County, Virginia","VA",4950,0.069,340,0.018,0.114,0.46,0.277,67280,0.262,0.09
"129",51059,51059452600,"Census Tract 4526, Fairfax County, Virginia","Fairfax County, Virginia","VA",7463,0.061,460,0.029,0.126,0.265,0.298,133438,0.48,0.061
"130",51059,51059452700,"Census Tract 4527, Fairfax County, Virginia","Fairfax County, Virginia","VA",5248,0.094,490,0.058,0.174,0.326,0.306,63278,0.476,0.056
"131",51059,51059452801,"Census Tract 4528.01, Fairfax County, Virginia","Fairfax County, Virginia","VA",5112,0.125,640,0.052,0.211,0.258,0.061,75345,0.403,0.061
"132",51059,51059452802,"Census Tract 4528.02, Fairfax County, Virginia","Fairfax County, Virginia","VA",2877,0.074,210,0.021,0.16,0.346,0.084,71608,0.771,0.131
"133",51059,51059460100,"Census Tract 4601, Fairfax County, Virginia","Fairfax County, Virginia","VA",4403,0.036,160,0.045,0.069,0.02,0.048,206528,0.945,0.061
"134",51059,51059460200,"Census Tract 4602, Fairfax County, Virginia","Fairfax County, Virginia","VA",4014,0.003,10,0.013,0.024,0.009,0.089,235433,0.948,0.073
"135",51059,51059460300,"Census Tract 4603, Fairfax County, Virginia","Fairfax County, Virginia","VA",2908,0,0,0.024,0.007,0.018,0.088,210152,0.947,0.041
"136",51059,51059460400,"Census Tract 4604, Fairfax County, Virginia","Fairfax County, Virginia","VA",4888,0.041,200,0.019,0.053,0.096,0.12,155357,0.593,0.068
"137",51059,51059460501,"Census Tract 4605.01, Fairfax County, Virginia","Fairfax County, Virginia","VA",2577,0.022,60,0.027,0.031,0.003,0.069,186958,0.936,0.088
"138",51059,51059460503,"Census Tract 4605.03, Fairfax County, Virginia","Fairfax County, Virginia","VA",3231,0.063,200,0.049,0.072,0.028,0.117,146741,0.517,0.017
"139",51059,51059460504,"Census Tract 4605.04, Fairfax County, Virginia","Fairfax County, Virginia","VA",4207,0.033,140,0.064,0.02,0.197,0.063,186943,0.767,0.066
"140",51059,51059460600,"Census Tract 4606, Fairfax County, Virginia","Fairfax County, Virginia","VA",4002,0.001,10,0.008,0.013,0.007,0.062,217321,0.888,0.057
"141",51059,51059460701,"Census Tract 4607.01, Fairfax County, Virginia","Fairfax County, Virginia","VA",3273,0.023,80,0.018,0.027,0.039,0.223,130978,0.762,0.085
"142",51059,51059460702,"Census Tract 4607.02, Fairfax County, Virginia","Fairfax County, Virginia","VA",4786,0.033,160,0.059,0.038,0.027,0.069,202083,0.907,0.056
"143",51059,51059460800,"Census Tract 4608, Fairfax County, Virginia","Fairfax County, Virginia","VA",3464,0.027,90,0.037,0.039,0.061,0.043,144917,0.926,0.061
"144",51059,51059460900,"Census Tract 4609, Fairfax County, Virginia","Fairfax County, Virginia","VA",2538,0.024,60,0.019,0.058,0,0.078,185536,0.915,0.064
"145",51059,51059461000,"Census Tract 4610, Fairfax County, Virginia","Fairfax County, Virginia","VA",2471,0.002,10,0.017,0.01,0.123,0.095,173750,0.839,0.048
"146",51059,51059461100,"Census Tract 4611, Fairfax County, Virginia","Fairfax County, Virginia","VA",6817,0.029,200,0.04,0.036,0.028,0.067,172925,0.887,0.062
"147",51059,51059461201,"Census Tract 4612.01, Fairfax County, Virginia","Fairfax County, Virginia","VA",4283,0,0,0.01,0.004,0.025,0.038,249177,0.989,0.056
"148",51059,51059461202,"Census Tract 4612.02, Fairfax County, Virginia","Fairfax County, Virginia","VA",6534,0.042,270,0.026,0.038,0.11,0.049,130318,0.622,0.062
"149",51059,51059461500,"Census Tract 4615, Fairfax County, Virginia","Fairfax County, Virginia","VA",6894,0.027,190,0.043,0.023,0.049,0.06,187517,0.807,0.051
"150",51059,51059461603,"Census Tract 4616.03, Fairfax County, Virginia","Fairfax County, Virginia","VA",5408,0.04,220,0.019,0.042,0.137,0.137,111373,0.504,0.044
"151",51059,51059461604,"Census Tract 4616.04, Fairfax County, Virginia","Fairfax County, Virginia","VA",2423,0.067,160,0.03,0.146,0.112,0.038,150703,0.835,0.076
"152",51059,51059461605,"Census Tract 4616.05, Fairfax County, Virginia","Fairfax County, Virginia","VA",3392,NA,NA,0.059,0.013,0.113,0.04,127726,0.197,0.025
"153",51059,51059461606,"Census Tract 4616.06, Fairfax County, Virginia","Fairfax County, Virginia","VA",2608,0.04,100,0.003,0.051,0.06,0.213,99904,0.38,0.014
"154",51059,51059461700,"Census Tract 4617, Fairfax County, Virginia","Fairfax County, Virginia","VA",6749,0.063,420,0.015,0.095,0.043,0.105,126103,0.527,0.056
"155",51059,51059461801,"Census Tract 4618.01, Fairfax County, Virginia","Fairfax County, Virginia","VA",1811,0.052,90,0.033,0.072,0.095,0.245,102347,0.573,0.056
"156",51059,51059461802,"Census Tract 4618.02, Fairfax County, Virginia","Fairfax County, Virginia","VA",5560,0.05,280,0.031,0.046,0.026,0.158,104071,0.577,0.052
"157",51059,51059461901,"Census Tract 4619.01, Fairfax County, Virginia","Fairfax County, Virginia","VA",3562,0.077,270,0.042,0.095,0.159,0.136,77813,0.51,0.074
"158",51059,51059461902,"Census Tract 4619.02, Fairfax County, Virginia","Fairfax County, Virginia","VA",1872,0.13,240,0.067,0.176,0.13,0.591,54625,0.011,0.066
"159",51059,51059470100,"Census Tract 4701, Fairfax County, Virginia","Fairfax County, Virginia","VA",2479,0,0,0.03,0.008,0,0.031,250001,0.964,0.028
"160",51059,51059470300,"Census Tract 4703, Fairfax County, Virginia","Fairfax County, Virginia","VA",3325,0.01,30,0.019,0.022,0.036,0.027,250001,0.926,0.086
"161",51059,51059470400,"Census Tract 4704, Fairfax County, Virginia","Fairfax County, Virginia","VA",4769,0.008,40,0.028,0.013,0.026,0.04,242303,0.914,0.063
"162",51059,51059470500,"Census Tract 4705, Fairfax County, Virginia","Fairfax County, Virginia","VA",5513,0.017,90,0.006,0.012,0.025,0.037,183417,0.796,0.092
"163",51059,51059470600,"Census Tract 4706, Fairfax County, Virginia","Fairfax County, Virginia","VA",2713,0.052,140,0.044,0.06,0.031,0.082,163092,0.809,0.103
"164",51059,51059470700,"Census Tract 4707, Fairfax County, Virginia","Fairfax County, Virginia","VA",5464,0.007,40,0.007,0.034,0.047,0.038,199167,0.876,0.044
"165",51059,51059470800,"Census Tract 4708, Fairfax County, Virginia","Fairfax County, Virginia","VA",3029,0.043,130,0.061,0.018,0.034,0.069,166528,0.773,0.071
"166",51059,51059470900,"Census Tract 4709, Fairfax County, Virginia","Fairfax County, Virginia","VA",7669,0.017,130,0.014,0.012,0.007,0.024,195599,0.864,0.098
"167",51059,51059471000,"Census Tract 4710, Fairfax County, Virginia","Fairfax County, Virginia","VA",2198,0.027,60,0.029,0.017,0.017,0.045,168125,0.799,0.07
"168",51059,51059471100,"Census Tract 4711, Fairfax County, Virginia","Fairfax County, Virginia","VA",6699,0.053,360,0.037,0.064,0.021,0.156,135691,0.699,0.084
"169",51059,51059471201,"Census Tract 4712.01, Fairfax County, Virginia","Fairfax County, Virginia","VA",3455,0.069,240,0.048,0.041,0.115,0.085,115430,0.405,0.067
"170",51059,51059471203,"Census Tract 4712.03, Fairfax County, Virginia","Fairfax County, Virginia","VA",2704,0.054,140,0.031,0.039,0.036,0.155,134252,0.465,0.061
"171",51059,51059471204,"Census Tract 4712.04, Fairfax County, Virginia","Fairfax County, Virginia","VA",3178,0.092,290,0.067,0.067,0.028,0.134,103120,0.367,0.063
"172",51059,51059471301,"Census Tract 4713.01, Fairfax County, Virginia","Fairfax County, Virginia","VA",4199,0.06,250,0.018,0.038,0.06,0.237,97375,0.151,0.026
"173",51059,51059471303,"Census Tract 4713.03, Fairfax County, Virginia","Fairfax County, Virginia","VA",3914,0.063,250,0.014,0.064,0.025,0.107,97522,0.473,0.078
"174",51059,51059471304,"Census Tract 4713.04, Fairfax County, Virginia","Fairfax County, Virginia","VA",2145,0.037,80,0.074,0.023,0.016,0.06,184926,0.92,0.054
"175",51059,51059471401,"Census Tract 4714.01, Fairfax County, Virginia","Fairfax County, Virginia","VA",3718,0.03,110,0.022,0.045,0.078,0.244,116683,0.722,0.072
"176",51059,51059471402,"Census Tract 4714.02, Fairfax County, Virginia","Fairfax County, Virginia","VA",3614,0.052,190,0.023,0.1,0.178,0.204,76986,0.736,0.09
"177",51059,51059480100,"Census Tract 4801, Fairfax County, Virginia","Fairfax County, Virginia","VA",3941,0.026,100,0.061,0.023,0.006,0.068,250001,0.969,0.083
"178",51059,51059480201,"Census Tract 4802.01, Fairfax County, Virginia","Fairfax County, Virginia","VA",4525,0.004,20,0.022,0.014,0.024,0.033,250001,0.943,0.065
"179",51059,51059480203,"Census Tract 4802.03, Fairfax County, Virginia","Fairfax County, Virginia","VA",2658,0.126,330,0.161,0.042,0.158,0.018,90469,0.448,0.073
"180",51059,51059480204,"Census Tract 4802.04, Fairfax County, Virginia","Fairfax County, Virginia","VA",3512,0.107,370,0.055,0.089,0.049,0.044,87868,0.172,0.03
"181",51059,51059480205,"Census Tract 4802.05, Fairfax County, Virginia","Fairfax County, Virginia","VA",2525,0.088,220,0.059,0.042,0.106,0.078,99167,0.179,0.042
"182",51059,51059480301,"Census Tract 4803.01, Fairfax County, Virginia","Fairfax County, Virginia","VA",2963,0.029,90,0.044,0.023,0.006,0.016,210341,0.929,0.091
"183",51059,51059480302,"Census Tract 4803.02, Fairfax County, Virginia","Fairfax County, Virginia","VA",4065,0.007,30,0.023,0.023,0.032,0.044,250001,0.851,0.035
"184",51059,51059480401,"Census Tract 4804.01, Fairfax County, Virginia","Fairfax County, Virginia","VA",4822,0.012,60,0.035,0.021,0.008,0.024,247448,0.947,0.058
"185",51059,51059480402,"Census Tract 4804.02, Fairfax County, Virginia","Fairfax County, Virginia","VA",5162,0.031,160,0.044,0.044,0.019,0.036,217639,0.911,0.068
"186",51059,51059480501,"Census Tract 4805.01, Fairfax County, Virginia","Fairfax County, Virginia","VA",2969,0.004,10,0.022,0.033,0.013,0.068,236829,0.969,0.042
"187",51059,51059480502,"Census Tract 4805.02, Fairfax County, Virginia","Fairfax County, Virginia","VA",6340,0.033,210,0.038,0.027,0.057,0.095,165795,0.908,0.128
"188",51059,51059480503,"Census Tract 4805.03, Fairfax County, Virginia","Fairfax County, Virginia","VA",3312,0,0,0.011,0.004,0.054,0.167,171723,0.963,0.094
"189",51059,51059480504,"Census Tract 4805.04, Fairfax County, Virginia","Fairfax County, Virginia","VA",1825,0.03,50,0.04,0.015,0.061,0.062,147361,0.745,0.048
"190",51059,51059480505,"Census Tract 4805.05, Fairfax County, Virginia","Fairfax County, Virginia","VA",2956,0.049,150,0.024,0.041,0.066,0.089,120985,0.545,0.068
"191",51059,51059480801,"Census Tract 4808.01, Fairfax County, Virginia","Fairfax County, Virginia","VA",6087,0.024,150,0.03,0.065,0.067,0.435,137131,0.773,0.065
"192",51059,51059480802,"Census Tract 4808.02, Fairfax County, Virginia","Fairfax County, Virginia","VA",4145,0.061,250,0.015,0.115,0.118,0.092,135208,0.61,0.065
"193",51059,51059480901,"Census Tract 4809.01, Fairfax County, Virginia","Fairfax County, Virginia","VA",6185,0.032,200,0.017,0.074,0.076,0.409,108056,0.73,0.086
"194",51059,51059480902,"Census Tract 4809.02, Fairfax County, Virginia","Fairfax County, Virginia","VA",3951,0.048,190,0.05,0.027,0.096,0.354,100610,0.503,0.076
"195",51059,51059480903,"Census Tract 4809.03, Fairfax County, Virginia","Fairfax County, Virginia","VA",4209,0.028,120,0.014,0.014,0.123,0.357,99321,0.479,0.086
"196",51059,51059481000,"Census Tract 4810, Fairfax County, Virginia","Fairfax County, Virginia","VA",7030,0.042,300,0.036,0.076,0.108,0.485,89752,0.512,0.028
"197",51059,51059481101,"Census Tract 4811.01, Fairfax County, Virginia","Fairfax County, Virginia","VA",2559,NA,NA,0.043,0.043,0.244,0.052,105353,0.217,0.027
"198",51059,51059481102,"Census Tract 4811.02, Fairfax County, Virginia","Fairfax County, Virginia","VA",3839,NA,NA,0.041,0.042,0.15,0.093,128929,0.194,0.026
"199",51059,51059481103,"Census Tract 4811.03, Fairfax County, Virginia","Fairfax County, Virginia","VA",3194,0.063,200,0.059,0.021,0.153,0.225,100714,0.395,0.084
"200",51059,51059481104,"Census Tract 4811.04, Fairfax County, Virginia","Fairfax County, Virginia","VA",3159,NA,NA,0.018,0.059,0.07,0.062,104710,0.262,0.048
"201",51059,51059481105,"Census Tract 4811.05, Fairfax County, Virginia","Fairfax County, Virginia","VA",5103,0.005,20,0.029,0.008,0.073,0.048,214375,0.932,0.061
"202",51059,51059481106,"Census Tract 4811.06, Fairfax County, Virginia","Fairfax County, Virginia","VA",6084,0.011,70,0.014,0.045,0.044,0.066,190536,0.959,0.06
"203",51059,51059481201,"Census Tract 4812.01, Fairfax County, Virginia","Fairfax County, Virginia","VA",1347,0.059,80,0.06,0.133,0.095,0.178,169375,0.877,0.039
"204",51059,51059481202,"Census Tract 4812.02, Fairfax County, Virginia","Fairfax County, Virginia","VA",5982,0.068,410,0.069,0.112,0.365,0.295,75659,0.543,0.045
"205",51059,51059481400,"Census Tract 4814, Fairfax County, Virginia","Fairfax County, Virginia","VA",7243,0.037,270,0.025,0.044,0.106,0.078,138594,0.767,0.096
"206",51059,51059481500,"Census Tract 4815, Fairfax County, Virginia","Fairfax County, Virginia","VA",2254,0.011,20,0.033,0.012,0.028,0.04,179688,0.986,0.062
"207",51059,51059481600,"Census Tract 4816, Fairfax County, Virginia","Fairfax County, Virginia","VA",3566,0.009,30,0.033,0.034,0.004,0.109,250001,0.965,0.052
"208",51059,51059481701,"Census Tract 4817.01, Fairfax County, Virginia","Fairfax County, Virginia","VA",6033,0,0,0.014,0.011,0.029,0.061,228676,0.951,0.073
"209",51059,51059481702,"Census Tract 4817.02, Fairfax County, Virginia","Fairfax County, Virginia","VA",4897,0.044,220,0.038,0.065,0.087,0.09,113090,0.708,0.024
"210",51059,51059481900,"Census Tract 4819, Fairfax County, Virginia","Fairfax County, Virginia","VA",6194,0.087,540,0.096,0.074,0.11,0.064,140446,0.636,0.074
"211",51059,51059482001,"Census Tract 4820.01, Fairfax County, Virginia","Fairfax County, Virginia","VA",4511,0.02,90,0.052,0.024,0.043,0.079,201552,0.954,0.056
"212",51059,51059482002,"Census Tract 4820.02, Fairfax County, Virginia","Fairfax County, Virginia","VA",3267,0.042,140,0.042,0.019,0.107,0.015,125720,0.667,0.059
"213",51059,51059482100,"Census Tract 4821, Fairfax County, Virginia","Fairfax County, Virginia","VA",3579,0.04,140,0.004,0.121,0.263,0.229,90093,0.706,0.066
"214",51059,51059482201,"Census Tract 4822.01, Fairfax County, Virginia","Fairfax County, Virginia","VA",2484,0.109,270,0.071,0.095,0.111,0.222,84632,0.246,0.084
"215",51059,51059482203,"Census Tract 4822.03, Fairfax County, Virginia","Fairfax County, Virginia","VA",4468,0.071,320,0.006,0.08,0.043,0.044,140509,0.437,0.11
"216",51059,51059482204,"Census Tract 4822.04, Fairfax County, Virginia","Fairfax County, Virginia","VA",2013,0.072,150,0.023,0.083,0.113,0.077,130250,0.394,0.074
"217",51059,51059482205,"Census Tract 4822.05, Fairfax County, Virginia","Fairfax County, Virginia","VA",2077,NA,NA,0.059,0.01,0.074,0.163,166741,0.263,0.201
"218",51059,51059482206,"Census Tract 4822.06, Fairfax County, Virginia","Fairfax County, Virginia","VA",961,0.124,120,0.059,0.152,0.028,0.022,106893,0.605,0.158
"219",51059,51059482301,"Census Tract 4823.01, Fairfax County, Virginia","Fairfax County, Virginia","VA",4927,0.073,360,0.118,0.049,0.025,0.105,140779,0.807,0.037
"220",51059,51059482302,"Census Tract 4823.02, Fairfax County, Virginia","Fairfax County, Virginia","VA",4669,0.07,330,0.038,0.113,0.26,0.284,82468,0.382,0.04
"221",51059,51059482303,"Census Tract 4823.03, Fairfax County, Virginia","Fairfax County, Virginia","VA",3352,0.024,80,0.009,0.037,0.068,0.063,123750,0.785,0.065
"222",51059,51059482400,"Census Tract 4824, Fairfax County, Virginia","Fairfax County, Virginia","VA",2201,0.035,80,0.039,0.02,0.025,0.034,236713,0.647,0.057
"223",51059,51059482502,"Census Tract 4825.02, Fairfax County, Virginia","Fairfax County, Virginia","VA",2652,0.01,30,0.018,0.013,0.015,0.026,172791,0.902,0.05
"224",51059,51059482503,"Census Tract 4825.03, Fairfax County, Virginia","Fairfax County, Virginia","VA",4880,0.011,50,0.014,0.041,0.055,0.062,203611,0.883,0.048
"225",51059,51059482504,"Census Tract 4825.04, Fairfax County, Virginia","Fairfax County, Virginia","VA",5176,0,0,0.022,0.015,0.031,0.085,224423,0.971,0.049
"226",51059,51059482505,"Census Tract 4825.05, Fairfax County, Virginia","Fairfax County, Virginia","VA",2597,0.055,140,0.059,0.037,0.085,0.058,175391,0.597,0.058
"227",51059,51059482506,"Census Tract 4825.06, Fairfax County, Virginia","Fairfax County, Virginia","VA",3713,NA,NA,0.023,0.096,0.225,0.048,112542,0.224,0.073
"228",51059,51059482507,"Census Tract 4825.07, Fairfax County, Virginia","Fairfax County, Virginia","VA",4312,0.082,350,0.067,0.024,0.039,0.095,98105,0.252,0.033
"229",51059,51059482601,"Census Tract 4826.01, Fairfax County, Virginia","Fairfax County, Virginia","VA",7111,0.014,100,0.024,0.017,0.029,0.088,161917,0.844,0.042
"230",51059,51059482603,"Census Tract 4826.03, Fairfax County, Virginia","Fairfax County, Virginia","VA",3086,0.019,60,0.03,0.011,0.062,0.033,139485,0.842,0.051
"231",51059,51059482604,"Census Tract 4826.04, Fairfax County, Virginia","Fairfax County, Virginia","VA",4228,0.012,50,0.027,0.041,0.012,0.035,197154,0.981,0.031
"232",51059,51059490101,"Census Tract 4901.01, Fairfax County, Virginia","Fairfax County, Virginia","VA",5983,0.07,420,0.072,0.034,0.112,0.199,124803,0.623,0.143
"233",51059,51059490104,"Census Tract 4901.04, Fairfax County, Virginia","Fairfax County, Virginia","VA",3691,0.027,100,0.034,0.056,0.011,0.514,87159,0.75,0.056
"234",51059,51059490105,"Census Tract 4901.05, Fairfax County, Virginia","Fairfax County, Virginia","VA",2500,0.054,140,0.067,0.042,0.054,0.138,109320,0.782,0.073
"235",51059,51059490501,"Census Tract 4905.01, Fairfax County, Virginia","Fairfax County, Virginia","VA",3404,0.085,290,0.07,0.066,0.153,0.104,99491,0.491,0.091
"236",51059,51059490502,"Census Tract 4905.02, Fairfax County, Virginia","Fairfax County, Virginia","VA",6833,0.039,270,0.046,0.012,0.015,0.069,180809,0.841,0.129
"237",51059,51059491000,"Census Tract 4910, Fairfax County, Virginia","Fairfax County, Virginia","VA",1916,0.025,50,0.043,0.02,0.07,0.006,228438,0.942,0.111
"238",51059,51059491101,"Census Tract 4911.01, Fairfax County, Virginia","Fairfax County, Virginia","VA",4352,0,0,0.018,0.035,0.085,0.118,194583,0.984,0.045
"239",51059,51059491102,"Census Tract 4911.02, Fairfax County, Virginia","Fairfax County, Virginia","VA",3224,0.022,70,0.023,0.043,0.008,0.271,131964,0.879,0.086
"240",51059,51059491103,"Census Tract 4911.03, Fairfax County, Virginia","Fairfax County, Virginia","VA",6165,0.015,90,0.018,0.042,0.099,0.254,120845,0.791,0.047
"241",51059,51059491201,"Census Tract 4912.01, Fairfax County, Virginia","Fairfax County, Virginia","VA",6498,0.103,670,0.111,0.134,0.101,0.214,106455,0.675,0.044
"242",51059,51059491202,"Census Tract 4912.02, Fairfax County, Virginia","Fairfax County, Virginia","VA",1749,0.06,110,0.069,0.055,0.122,0.138,81875,0.647,0.031
"243",51059,51059491301,"Census Tract 4913.01, Fairfax County, Virginia","Fairfax County, Virginia","VA",6804,0.056,380,0.034,0.104,0.153,0.172,102969,0.642,0.037
"244",51059,51059491302,"Census Tract 4913.02, Fairfax County, Virginia","Fairfax County, Virginia","VA",3464,0.048,170,0.017,0.079,0.107,0.205,116250,0.537,0.046
"245",51059,51059491303,"Census Tract 4913.03, Fairfax County, Virginia","Fairfax County, Virginia","VA",4344,0.057,250,0.013,0.133,0.098,0.323,98060,0.619,0.059
"246",51059,51059491401,"Census Tract 4914.01, Fairfax County, Virginia","Fairfax County, Virginia","VA",4866,0.021,100,0.008,0.039,0.075,0.226,101507,0.711,0.057
"247",51059,51059491402,"Census Tract 4914.02, Fairfax County, Virginia","Fairfax County, Virginia","VA",4095,0.032,130,0.041,0.055,0.094,0.211,108125,0.824,0.044
"248",51059,51059491403,"Census Tract 4914.03, Fairfax County, Virginia","Fairfax County, Virginia","VA",4434,0,0,0.019,0.018,0.036,0.04,227019,0.915,0.03
"249",51059,51059491404,"Census Tract 4914.04, Fairfax County, Virginia","Fairfax County, Virginia","VA",3645,0,0,0.01,0.007,0.149,0.113,141825,0.935,0.053
"250",51059,51059491405,"Census Tract 4914.05, Fairfax County, Virginia","Fairfax County, Virginia","VA",2500,0.008,20,0.043,0.007,0.05,0.036,206200,0.987,0.047
"251",51059,51059491501,"Census Tract 4915.01, Fairfax County, Virginia","Fairfax County, Virginia","VA",7569,0.037,280,0.042,0.018,0.093,0.015,125889,0.719,0.051
"252",51059,51059491502,"Census Tract 4915.02, Fairfax County, Virginia","Fairfax County, Virginia","VA",7062,0,0,0.025,0.018,0.103,0.041,208691,0.977,0.05
"253",51059,51059491601,"Census Tract 4916.01, Fairfax County, Virginia","Fairfax County, Virginia","VA",5197,0.056,290,0.035,0.052,0.044,0.196,88993,0.603,0.085
"254",51059,51059491602,"Census Tract 4916.02, Fairfax County, Virginia","Fairfax County, Virginia","VA",5484,0.035,190,0.047,0.047,0.062,0.246,130000,0.834,0.077
"255",51059,51059491701,"Census Tract 4917.01, Fairfax County, Virginia","Fairfax County, Virginia","VA",4358,0.052,230,0.037,0.051,0.119,0.08,111445,0.587,0.055
"256",51059,51059491703,"Census Tract 4917.03, Fairfax County, Virginia","Fairfax County, Virginia","VA",5560,0.077,430,0.006,0.056,0.193,0.062,94306,0.061,0.07
"257",51059,51059491704,"Census Tract 4917.04, Fairfax County, Virginia","Fairfax County, Virginia","VA",5367,0.084,450,0.085,0.044,0.045,0.046,116813,0.411,0.018
"258",51059,51059491705,"Census Tract 4917.05, Fairfax County, Virginia","Fairfax County, Virginia","VA",3219,0.016,50,0.028,0.025,0.015,0.031,193750,0.887,0.04
"259",51059,51059491706,"Census Tract 4917.06, Fairfax County, Virginia","Fairfax County, Virginia","VA",2207,0.099,220,0.006,0.112,0.11,0.09,75888,0.098,0.069
"260",51059,51059491707,"Census Tract 4917.07, Fairfax County, Virginia","Fairfax County, Virginia","VA",4595,0.05,230,0.044,0.028,0.12,0.112,135588,0.455,0.041
"261",51059,51059491801,"Census Tract 4918.01, Fairfax County, Virginia","Fairfax County, Virginia","VA",2474,0.097,240,0.017,0.118,0.042,0.111,82383,0.436,0.136
"262",51059,51059491802,"Census Tract 4918.02, Fairfax County, Virginia","Fairfax County, Virginia","VA",2856,0.015,40,0.014,0.008,0.031,0.116,118333,0.875,0.092
"263",51059,51059491803,"Census Tract 4918.03, Fairfax County, Virginia","Fairfax County, Virginia","VA",6642,0.064,430,0.026,0.104,0.046,0.13,110527,0.612,0.051
"264",51059,51059492000,"Census Tract 4920, Fairfax County, Virginia","Fairfax County, Virginia","VA",6675,0.017,110,0.06,0.005,0.063,0.036,230656,0.991,0.073
"265",51059,51059492100,"Census Tract 4921, Fairfax County, Virginia","Fairfax County, Virginia","VA",6206,0.016,100,0.046,0.015,0.026,0.053,189611,0.976,0.055
"266",51059,51059492201,"Census Tract 4922.01, Fairfax County, Virginia","Fairfax County, Virginia","VA",3050,0.004,10,0.014,0.037,0.049,0.079,215714,0.988,0.068
"267",51059,51059492202,"Census Tract 4922.02, Fairfax County, Virginia","Fairfax County, Virginia","VA",6741,0.005,30,0.032,0.004,0.056,0.035,210833,0.938,0.053
"268",51059,51059492203,"Census Tract 4922.03, Fairfax County, Virginia","Fairfax County, Virginia","VA",3697,0,0,0.017,0.009,0.062,0.143,211771,0.943,0.068
"269",51059,51059492300,"Census Tract 4923, Fairfax County, Virginia","Fairfax County, Virginia","VA",3201,0.005,20,0.028,0.011,0.075,0.163,112305,0.931,0.038
"270",51059,51059492400,"Census Tract 4924, Fairfax County, Virginia","Fairfax County, Virginia","VA",4883,0.059,290,0.062,0.113,0.175,0.257,111971,0.82,0.069
"271",51059,51059492500,"Census Tract 4925, Fairfax County, Virginia","Fairfax County, Virginia","VA",3746,0.013,50,0.026,0.017,0.006,0.049,191953,0.937,0.065
"272",51059,51059980100,"Census Tract 9801, Fairfax County, Virginia","Fairfax County, Virginia","VA",5,NA,NA,0.059,0.133,0,0,70296,0.647,0.134
"273",51059,51059980200,"Census Tract 9802, Fairfax County, Virginia","Fairfax County, Virginia","VA",0,NA,NA,0.059,0.133,0,0,70296,0.647,0.134
"274",51059,51059980300,"Census Tract 9803, Fairfax County, Virginia","Fairfax County, Virginia","VA",0,NA,NA,0.059,0.133,0,0,70296,0.647,0.134
